{
    "mse_train": 0.004363387519830335,
    "r2_adj_train": 0.8590191204658777,
    "mse_test": 0.00436712005589645,
    "r2_adj_test": 0.8593819883689904,
    "mse_val": 0.004365087105274915,
    "r2_adj_val": 0.8591964090231241
}