{
    "rmse_test": 0.03804879806822795,
    "rmse_val": 0.03774670881357015,
    "r2_adjusted_score_test": 0.9533531078362467,
    "r2_adjusted_score_val": 0.9542421492548058
}